"*id"	"*file"	"*name"	"*category"	"*description"	"*location"	"*date"	"*source"	"*source_info"
"*descr"	"emplacement du fichier"	"nom pour le site enquête"	"/preparatory /analyse /verbatim /ese"	"pour comprendre"	"Ville, Pays"		"fichier original s'il y a eu conversion lors de l'archivage"	"opération(s) appliquées lor de la conversion"
"d001"	"_data/entretien12.xml"	"Entretien Test n°12"	"verbatim"	"initiallement en .txt, a été transformé en .exb (exmaralda) puis en tei .xml"	"Paris, France"	"01/02/12"	"_verbatim/entretien12.txt"	"Exmaralda puis TEI Drop"
"d037"	"_data/focusGroupParis1"	"Focus Group Test Paris 1"	"verbatim"	"juste copié de l'enquête de Sophie"				
"d002"	"_data/unrapport.pdf"	"Rapport d'enquête"	"analyse"	"Ce rapport est intéressant"	"Paris, France"	"01/02/12"		
"d003"	"_data/mondocument.htm"	"Rapport intermédiaire"	"preparatory"	"Rapport mi-enquête"	"Paris, France"	"01/02/12"		
"d007"	"_data/montableau.csv"	"exemple de tableau de données"	"preparatory"	"Un super tableau"	"Londres, UK"			
"d004"	"_ese/ese.xml"	"Enquête sur Enquête (enquete de Sophie)"	"ese"	"(ne sera pas affiché) contient les références vers les documents de l'ese"		"01/02/12"		
"d005"	"http://monline.fr/rapport.pdf"	"L’égalité aujourd’hui"	"publication"	"Intervention, n° 11, mars 1985, p. 58-66"		"00/03/85"		
"d006"	"http://autrelien.com"	"Les avatars de la dimension gauche-droite"	"publication"	"in Elisabeth Dupoirier et Gérard Grumberg (dir.), Mars 1986 : la drôle de défaite de la gauche, Paris, PUF, 1986, p. 51-70"		"00/03/86"		
