"*id"	"*pseudo"	"*type"	"description"	"sexe"	"age"	"_profession"	"profession"	"groupe"
"*descr"	"nom dans le site enquête"	"/protagonist /investigator /speaker (seuls les speaker seront affichés dans le site enquête)"						
"s001"	"John"	"investigator"	"enquêteur principal"					
"s002"	"Paul"	"speaker"	"personne prise au hasard"	"H"	32	"directeur PME"	"cadre"	"gauche"
"s003"	"Mary"	"protagonist"	"femme de Paul"	"F"	37	"salariée Renault"	"ouvrier"	"droite"
"s004"	"Personne"	"speaker"	"ne dit jamais rien"	"F"	27	"salarié Boulangerie"	"ouvrier"	"gauche"
"cdsp_bequali_francaispolitique1983_137_1"	"Bernard-Henri"	"speaker"	"rêveur"	"H"	13	"joueur de tennis"	"libéral"	"droite"
"cdsp_bequali_francaispolitique1983_135_1"	"Curieux"	"speaker"	"souriant"	"H"	56	"joueur de polka"	"libéral"	"gauche"
"cdsp_bequali_francaispolitique1983_109_1"	"Focal"	"speaker"	"pas de descr"	"H"	22	"joueur de flûte"	"ouvrier"	"droite"
"cdsp_bequali_francaispolitique1983_30_1"	"Bruno"	"speaker"	"pas de descr"	"H"	38	"architecte"	"libéral"	"centre"
"cdsp_bequali_francaispolitique1983_144_1"	"Laurence"	"speaker"	"pas de descr"	"F"	53	"inventeur"	"cadre"	"droite"
"cdsp_bequali_francaispolitique1983_121_1"	"Juliette"	"speaker"	"pas de descr"	"F"	32	"monteur de fenêtre"	"cadre"	"centre"
