"*id"	"*pseudo"	"*type"	"description"	"age"	"_profession"	"profession"	"groupe"
"*descr"	"nom dans le site enquête"	"/protagonist /investigator /speaker (seuls les speaker seront affichés dans le site enquête)"					
"s001"	"John"	"investigator"	"enquêteur principal"				
"s002"	"Paul"	"speaker"	"personne prise au hasard"	32	"directeur PME"	"cadre"	"gauche"
"s003"	"Mary"	"protagonist"	"femme de Paul"	37	"salariée Renault"	"ouvrier"	"droite"
"s004"	"Personne"	"speaker"	"ne dit jamais rien"	27	"salarié Boulangerie"	"ouvrier"	"gauche"
