"*field"	"*fieldlabel"	"*fieldcat"	"*fieldcatlabel"	"*description"	"*value"
"*descr"	"nom du champ dans le site"		"pour le classement par grandes parties dans le site"	"ce que ce représente si le nom n'est pas clair"	"valeur pour cette enquête"
"*idno"	"DDI Id"	"general"	"Général"	"ddi id (important if you didnt included ese audio files)"	"cdsp.bequali.citae.ddi"
"*description"	"Description"	"general"	"Général"	"html qui apparaît en dessous de la liste de metadonnees dans Overview"	"<h1>Contexte</h1><p>This study is the fruit of a research project developed at the beginning of the 1980s by Etienne Schweisguth, then a researcher at CEVIPOF (Sciences Po-CNRS). Its general goal is to interrogate the notion of ideology in an original way, in relation to the body of research that was available at the beginning of the 1980s, particularly in the area of the history of political ideas.</p><p>The author thus shifts the entry point of the study of ideology, from the analysis of texts or discourses produced by partisan organisations, for example, to the search for the ideological foundations of individuals’ systems of representation. This is achieved notably through the analysis of the meaning that ""ordinary"" citizens attribute to the notions of left and right.</p><p>This research is part of a series of studies which, at the end of the 1970s and the beginning of the 1980s, were more broadly questioning the consistency of the notion of ideology, in the dual context of the ""the end of ideology"" dabate on one hand, and the observation of a widening gap between the ideological grand narratives and their appropriation by citizens on the other. From a more historical perspective, the study aimed to enable the collect of information about the reactions of ""public opinion"" to the socialist government, as well as how and in what ways simple citizens saw political problems at the beginnings of the 1980s.</p><h1>Objectifs</h1><p>In order to do this, the author obliged himself to refrain from an a priori definition of ideology, which would have meant a hypothetico-deductive approach to the material. For Schweisguth the object ""ideology"" – or in any case the existence of symbolic representation systems that stand for ideologies in the minds of individuals – was to be constructed as a result of the research. Through the interviews the author seeks to demonstrate the action of the individual who, depending on his/her biographical specificities and social experiences, borrows all or parts of large representational systems present on the ""market"" of ideologies, and adapts them to his/her personal situation.</p><p>The author takes two dimensions into account (along with their respective sub-dimensions): the dimension of subjectively perceived social issues; and the dimension of values and representations of the world. These two dimensions are parallel to the left-right axis upon which they are projected. The position occupied on the left-right continuum therefore cannot be reduced a priori to the position on just one of the dimensions that make up this cleavage. Rather it is the result of the varying articulation between positions occupied on both dimensions.</p><p>Schweisguth distinguishes between 6 types of ideology, according to whether they refer to an ideological structure that is strong (such as the ""anti-capitalist left""), medium (the ""humanist left"", the ""liberal right"" or the ""rigorist right"") or weak (the ""small people"" and the ""miscellaneous""). Alongside this, the author undertakes a sociologisation, in the sense that he connects ideological orientations to what he estimates to be the orientation of interviewees regarding their socio-professional profile, their religious, militant or union orientation, or their declared vote during the 1981 presidential election.</p>"
"*abstract"	"Résumé"	"general"	"Général"	"petite description dans liste des enquetes"	"Cette enquête test permet d'exhiber le processus d'archivage et d'intégration dans un site enquête. Elle s'est déroulé depuis 3 ans dans plusieurs lieu en France, en particulier ceux impliquées dans l'enquête précédente qui impliquait plusieurs lieu. Pas plus de commentaire. Si ce n'est peut-être que le texte ici présent de devrait pas contenir plus de 3 ou 4 phrases."
"*titl"	"Nom"	"general"	"Général"	"nom de l'enquête"	"Enquête Squelette de Test 2 mars 13h"
"*authenty"	"Auteur(s)"	"actor"	"Acteur(s)"	"auteur"	"Pierre Jullian de la Fuente"
"*authenty"	"Auteur(s)"	"actor"	"Acteur(s)"	"auteur"	"John Lapeur"
"*authenty"	"Auteur(s)"	"actor"	"Acteur(s)"	"auteur"	"Mary Greenowitch"
"*nation"	"Pays"	"actor"	"Acteur(s)"	"là d'où je viens, yo"	"France"
"*distrbtr"	"Distributeur"	"actor"	"Acteur(s)"	"pour le courrier"	"La Poste"
"*fundag"	"Agence de financement"	"funding"	"Financement"	"explication sur ce que c'est"	"médialab"
"*fundag"	"Agence de financement"	"funding"	"Financement"	"explication sur ce que c'est"	"CDSP"
"*grantno"	"Bourse"	"funding"	"Financement"	"explication sur ce que c'est"	"Bourse Géniale"
