"*field"	"*fieldlabel"	"*fieldcat"	"*fieldcatlabel"	"*description"	"*value"
"*descr"	"nom du champ dans le site"		"pour le classement par grandes parties dans le site"	"ce que ce représente si le nom n'est pas clair"	"valeur pour cette enquête"
"*idno"	"DDI Id"	"general"	"Général"	"ddi id (important if you didnt included ese audio files)"	"cdsp_bequali_sp1"
"*titl"	"Nom"	"general"	"Général"	"nom de l'enquête"	"Enquête squelette de test dernière version"
"*description"	"Description"	"general"	"Général"	"html qui apparaît en dessous de la liste de metadonnees dans Overview"	"<h1>Contexte</h1><p>contenu du html</p><p>bloblobloblo</p><p>blublublu</p><h1>Objectifs</h1>"
"*abstract"	"Résumé"	"general"	"Général"	"petite description dans liste des enquetes"	"Cette enquête test est une enquête test qui permet de tester le processus de test"
"*discipline"	"Discipline"	"general"	"Général"		"pas besoin chui déjà discipliné"
"*keywords"	"Mots clefs"	"general"	"Général"		"clefs (humour)"
"*topicclassification"	"Classification"	"general"	"Général"	"Classif. En discipline"	"Sociologie Politique"
"*nation"	"Pays"	"general"	"Général"		"France"
"*nation"	"Pays"	"general"	"Général"		"Suisse"
"*timeperiodcovered"	"Période couverte"	"general"	"Général"		"de tout temps jusqu'à la fin des temps, et encore un peu s'il en reste"
"*authenty"	"Auteur(s)"	"actor"	"Acteur(s)"	"auteur"	"Bruce Willis"
"*authenty"	"Auteur(s)"	"actor"	"Acteur(s)"	"auteur"	"Stallone"
"*affiliation"	"Affiliation"	"actor"	"Acteur(s)"		"CEVIPOF"
"*affiliation"	"Affiliation"	"actor"	"Acteur(s)"		"IRI"
"*distrbtr"	"Distributeur"	"actor"	"Acteur(s)"	"pour le courrier"	"Service express"
"*fundag"	"Agence de financement"	"actor"	"Acteur(s)"	"explication sur ce que c'est"	"la comédie française"
"*fundag"	"Agence de financement"	"actor"	"Acteur(s)"	"explication sur ce que c'est"	"DST"
"*grantno"	"Bourse"	"actor"	"Acteur(s)"	"explication sur ce que c'est"	"Bourse pour gens qui sont dans le besoin"
"*locationofunitsofobservation"	"Niveau de comparatisme"	"universe"	"Univers"		"universel"
"*geogcover"	"Couverture géographique"	"universe"	"Univers"		"à peu près tout, plus un chouilla d'autres choses"
"*spatialunits"	"Unités spatialisées"	"universe"	"Univers"		"la rue à côté de chez moi, et un peu de la rue en face"
"*observunits"	"Unités d'observation"	"universe"	"Univers"		"un homme une voix"
"*targetgroups"	"Groupes de population ciblés"	"universe"	"Univers"		"les autres"
"*studydates"	"Dates de l'enquête"	"universe"	"Univers"	"bornes temporelles de l'enquête"	"1850-2012"
"*colldate"	"Dates de récolte des données"	"method"	"Méthode"		2005
"*timedimension "	"Périodicité"	"method"	"Méthode"		"chaque seconde"
"*modedatacollection"	"Accès aux observations"	"method"	"Méthode"		"y'avait qu'à demander"
"*sampprocedure"	"Echantillonnage "	"method"	"Méthode"		"au pif"
"*weighting"	"Segmentation"	"method"	"Méthode"		"c'est quoi ça ?"
"*methodofdatacollection"	"Technique de collection"	"method"	"Méthode"		"la technique ça me connaît"
"*numberoffiles"	"Nombre de documents"	"corpus"	"Corpus"		"je sais pas compter"
"*datakind"	"Types de documents"	"corpus"	"Corpus"		"idem"
"*numberofunits"	"Nombre d'observations"	"corpus"	"Corpus"		"je viens de te le dire"
"*collsitu"	"Durée des observations"	"corpus"	"Corpus"		"idem"
"*transcription"	"Transcription"	"analysis"	"Analyse"		"un mot sur deux"
"*anonymization"	"Anonymisation"	"analysis"	"Analyse"		"pourquoi y'a pas besoin"
"*analysis"	"Analyse"	"analysis"	"Analyse"		"j'étais trop fatigué"
"*relpubl"	"Publications"	"analysis"	"Analyse"		"pif magazine, le chasseur français, détective magazine"
"*langdata"	"Language données"	"analysis"	"Analyse"		"demande à Salvatore il te le dira"
"*langdoc"	"Langage documentation"	"analysis"	"Analyse"		"grec ancien"
"*accessconditions"	"Conditions d'accès"	"edition"	"Edition"		"tu raques sinon que dalle"
"*locarch"	"Localisation archives"	"edition"	"Edition"		"Centre d'Histoire"
"*contact"	"Contact"	"edition"	"Edition"		"Obama, et s'il est pas là ma concierge"
"*firstedition"	"Première version"	"edition"	"Edition"		"l'autre jour"
"*latestedition "	"Dernière version"	"edition"	"Edition"		"un peu après l'autre jour"
"*copyright"	"copyright"	"edition"	"Edition"		
"*software"	"Logiciel"	"edition"	"Edition"		
"*editor"	"Edition"	"edition"	"Edition"		"Guillaume Garcia"
"*editor"	"Edition"	"edition"	"Edition"		"Anne Both"
