"*id"	"*file"	"*mimetype"	"*name"	"*category"	"*location"	"*date"	"*description"	"*source"	"*source_info"
"*descr"	"emplacement du fichier"	"type de fichier sur l'ordinateur /xml /pdf /htm /csv /link /ref"	"nom pour le site enquête"	"/preparatory /analyse /verbatim /ese"	"Ville, Pays"		"pour comprendre"	"fichier original s'il y a eu conversion lors de l'archivage"	"opération(s) appliquées lor de la conversion"
"d001"	"_data/entretien12.xml"	"xml"	"Entretien 12 Test"	"verbatim"	"Paris, France"	"01/02/12"	"initiallement en .txt, a été transformé en .exb (exmaralda) puis en tei .xml"	"_verbatim/entretien12.txt"	"Exmaralda puis TEI Drop"
"d054"	"_data/entretien_029.xml"	"xml"	"Entretien d'Etienne 29"	"verbatim"			"juste copié pour tester"		
"d037"	"_data/focusGroupParis1.xml"	"xml"	"Focus Group Test Paris 1"	"verbatim"			"juste copié de l'enquête de Sophie"		
"d002"	"_data/unrapport.pdf"	"pdf"	"Rapport d'enquête"	"analyse"	"Paris, France"	"01/02/12"	"Ce rapport est intéressant"		
"d003"	"_data/mondocument.htm"	"htm"	"Rapport intermédiaire"	"preparatory"	"Paris, France"	"01/02/12"	"Rapport mi-enquête"		
"d007"	"_data/montableau.csv"	"csv"	"exemple de tableau de données"	"preparatory"	"Londres, UK"		"Un super tableau"		
"d143"	"http://suckmongif.com"	"link"	"Site intéressant"	"preparatory"			"pas vraiment de description pour ce site intéressant"		
"d004"	"_ese/ese.xml"	"xml"	"Enquête sur Enquête (enquete de Sophie)"	"ese"		"01/02/12"	"(ne sera pas affiché) contient les références vers les documents de l'ese"		
"d005"	"http://monline.fr/rapport.pdf"	"link"	"L’égalité aujourd’hui"	"publication"		"00/03/85"	"Intervention, n° 11, mars 1985, p. 58-66"		
"d006"	"http://autrelien.com"	"link"	"Les avatars de la dimension gauche-droite"	"publication"		"00/03/86"	"lien du rapport sur aurelien.com"		
"d008"		"ref"	"Thèse de Marie"	"publication"			"Page 32 et 33 de la Thèse de Marie : « rapports entre difficiles echos sub-orientaux »"		
