<?xml version="1.0" encoding="utf-8" ?>
<XML-REANALYSE-ESE version="2011-06-23">
  <StudyUnit>
    <Header folder="SD_PolitiqueEurope" generated="Fri Jun 24 16:26:58 2011" id="34" name="La Politique et l'Europe" publisher="Sciences-Po" author="Sophie Duchesne" date="2006" report="./report.pdf" summary="./summary.html" description="Comment les discussions deviennent politiques, lorsque des Français, des Anglais ou des Belges francophones parlent de l’Europe"/>
    <Content>
      <Chapter name="Researcher" id="0" summary="./text/1_Researcher.html">
        <SubChapter id="0" name="research trajectory" location="./audio/1.1_trajectoirederecherche.mp3"/>
        <SubChapter id="1" name="team composition" location="./audio/1.2_laconstitutiondelequipe.mp3"/>
        <SubChapter id="2" name="scientific position" location="./audio/1.3_posturepersonnelle.mp3"/>
        <SubChapter id="3" name="methodological positioning of the career" location="./audio/1.4_lorientationmethodologiqueduparcoursdechercheur.mp3"/>
      </Chapter>
      <Chapter name="Theory" id="1" summary="./text/2_Theory.html">
        <SubChapter id="0" name="a double theoretical framework" location="./audio/2.1_undoubleancragetheorique.mp3"/>
        <SubChapter id="1" name="evolution of the research question" location="./audio/2.2_levolutiondelaproblematiquedelenquete.mp3"/>
      </Chapter>
      <Chapter name="Fieldwork" id="2" summary="./text/3_Fieldwork.html">
        <SubChapter id="0" name="design" location="./audio/3.1_lemontagedelenquete.mp3"/>
        <SubChapter id="1" name="coordinating three fieldworks" location="./audio/3.2_lacoordinationdestroisterrains.mp3"/>
        <SubChapter id="2" name="recruitment" location="./audio/3.3_lerecrutement.mp3"/>
        <SubChapter id="3" name="interviewing technique" location="./audio/3.4_specificitesdelatechniquedentretiencollectif.mp3"/>
        <SubChapter id="4" name="fieldwork memories" location="./audio/3.5_souvenirsduderoulementduterrain.mp3"/>
        <SubChapter id="5" name="atmosphere and impressions from the fieldwork" location="./audio/3.6_atmosphereetimpressionsrelativesauterrain.mp3"/>
      </Chapter>
      <Chapter name="Corpus" id="3" summary="./text/4_Corpus.html">
        <SubChapter id="0" name="video and audio recordings" location="./audio/4.1_lesenregistrementsaudioetvideo.mp3"/>
        <SubChapter id="1" name="transcriptions" location="./audio/4.2_latranscription.mp3"/>
        <SubChapter id="2" name="the data" location="./audio/4.3_lesdonnees.mp3"/>
      </Chapter>
      <Chapter name="Analysis" id="4" summary="./text/5_Analysis.html">
        <SubChapter id="0" name="global strategy of analysis" location="./audio/5.1_lastrategieglobaleedanalyse.mp3"/>
        <SubChapter id="1" name="centrality of the test of politicisation" location="./audio/5.2_lacentralitedudispositifdepreuvedepolitisation.mp3"/>
        <SubChapter id="2" name="the importance of international comparison" location="./audio/5.3_limportancedelacomparaisoninternationale.mp3"/>
      </Chapter>
      <Chapter name="Results" id="5" summary="./text/6_Results.html">
        <SubChapter id="0" name="publications" location="./audio/6.1_lespublications.mp3"/>
        <SubChapter id="1" name="further analysis" location="./audio/6.2_lesanalysesrestantafaire.mp3"/>
        <SubChapter id="2" name="suggestions for reuse" location="./audio/6.3_suggestionsdereutilisation.mp3"/>
        <SubChapter id="3" name="agreement with the interviewees" location="./audio/6.4_lesengagementsprisenverslesenquetes.mp3"/>
        <SubChapter id="4" name="expected reuses" location="./audio/6.5_souhaitsquantauxreutilisation.mp3"/>
      </Chapter>
    </Content>
    <Document/>
  </StudyUnit>
</XML-REANALYSE-ESE>
