<?xml version="1.0" encoding="UTF-8"?>
<TEI xmlns="http://www.tei-c.org/ns/1.0" xmlns:tesla="http://www.exmaralda.org" xmlns:tei="http://www.tei-c.org/ns/1.0">
	   <teiHeader>
	      <fileDesc>
	         <titleStmt>
	            <title />
	         </titleStmt>
	         <publicationStmt>
	            <p />
	         </publicationStmt>
	         <sourceDesc>
	            <recordingStmt>
	               <recording type="video" url="" />
	            </recordingStmt>
	         </sourceDesc>
	      </fileDesc>
	      <profileDesc>
	         <particDesc>
	            <person xml:id="SPK0" sex="1">
	               <persName>
	                  <abbr>s001</abbr>
	               </persName>
	            </person>
	            <person xml:id="SPK1" sex="1">
	               <persName>
	                  <abbr>s002</abbr>
	               </persName>
	            </person>
	            <person xml:id="SPK2" sex="1">
	               <persName>
	                  <abbr>s003</abbr>
	               </persName>
	            </person>
	         </particDesc>
	      </profileDesc>
	      <revisionDesc>
	         <change when="2012-02-15T18:19:33.238+01:00">Created by XSL transformation from an EXMARaLDA segmented transcription</change>
	      </revisionDesc>
	   </teiHeader>
	   <text>
	      <timeline unit="s" origin="#T0">
	         <when xml:id="T0" />
	         <when xml:id="T1" />
	         <when xml:id="T2" />
	         <when xml:id="T3" />
	         <when xml:id="T4" />
	         <when xml:id="T5" />
	         <when xml:id="T6" />
	         <when xml:id="T7" />
	         <when xml:id="T8" />
	         <when xml:id="T9" />
	         <when xml:id="T10" />
	         <when xml:id="T11" />
	         <when xml:id="T12" />
	         <when xml:id="T13" />
	         <when xml:id="T14" />
	         <when xml:id="T15" />
	         <when xml:id="T16" />
	         <when xml:id="T17" />
	         <when xml:id="T18" />
	         <when xml:id="T19" />
	         <when xml:id="T20" />
	         <when xml:id="T21" />
	         <when xml:id="T22" />
	         <when xml:id="T23" />
	         <when xml:id="T24" />
	         <when xml:id="T25" />
	         <when xml:id="T26" />
	         <when xml:id="T27" />
	         <when xml:id="T28" />
	         <when xml:id="T29" />
	         <when xml:id="T30" />
	         <when xml:id="T31" />
	         <when xml:id="T32" />
	         <when xml:id="T33" />
	         <when xml:id="T34" />
	         <when xml:id="T35" />
	         <when xml:id="T36" />
	         <when xml:id="T37" />
	         <when xml:id="T38" />
	         <when xml:id="T39" />
	      </timeline>
	      <body>
	<div>
		<u who="#SPK0">
			<anchor synch="#T0" />
			<seg function="utterance" type="interrogative">
				<incident>
					<desc>question: Première partie, questions générales</desc>
				</incident>
				<incident>
					<desc>comment:toutes les notes sur l'entretien sont dans le rapport</desc>
				</incident>
				<w>Comment</w>
				<pause />
				<w>voyez</w>
				<w>vous</w>
				<w>le</w>
				<incident>
					<desc>strong:futur</desc>
				</incident>
			</seg>
			<seg function="utterance" type="not_classified">
				<w>ce</w>
				<w>que</w>
				<w>je</w>
				<w>vois</w>
				<incident>
					<desc>body:la main sur la fenêtre</desc>
				</incident>
				<w>moi</w>
				<w>par</w>
				<w>le</w>
				<w>trou</w>
			</seg>
			<anchor synch="#T1" />
		</u>
	</div>
	<div>
		<u who="#SPK1">
			<anchor synch="#T1" />
			<seg function="utterance" type="declarative">
				<w>Je</w>
				<w>ne</w>
				<w>crois</w>
				<w>pas</w>
				<incident>
					<desc>uncertain:être</desc>
				</incident>
				<w>bien</w>
				<w>placé</w>
				<w>pour</w>
				<w>cela</w>
			</seg>
			<seg function="utterance" type="declarative">
				<w>C'est</w>
				<c>-</c>
				<w>à</w>
				<c>-</c>
				<w>dire</w>
				<w>que</w>
				<pause />
				<w>je</w>
				<w>ne</w>
				<w>pense</w>
				<w>pas</w>
				<incident>
					<desc>hesitation</desc>
				</incident>
				<w>savoir</w>
				<w>de</w>
				<w>quoi</w>
				<w>vous</w>
				<w>me</w>
				<w>parlez</w>
			</seg>
			<anchor synch="#T2" />
		</u>
	</div>
	<div>
		<u who="#SPK2">
			<anchor synch="#T2" />
			<seg function="utterance" type="declarative">
				<w>Ce</w>
				<w>qu'il</w>
				<w>veut</w>
				<w>dire</w>
				<incident>
					<desc>laugh</desc>
				</incident>
				<c>,</c>
				<w>c'est</w>
				<w>qu'il</w>
				<incident>
					<desc>comment:elle regarde le plafond</desc>
				</incident>
				<w>ne</w>
				<w>sait</w>
				<w>pas</w>
			</seg>
			<anchor synch="#T3" />
		</u>
	</div>
	<div>
		<u who="#SPK0">
			<anchor synch="#T3" />
			<seg function="utterance" type="declarative">
				<w>D'accord</w>
			</seg>
			<seg function="utterance" type="interrogative">
				<incident>
					<desc>directed:vers la fenêtre</desc>
				</incident>
				<w>Vous</w>
				<w>en</w>
				<w>êtes</w>
				<w>sûr</w>
			</seg>
			<anchor synch="#T4" />
		</u>
	</div>
	<div>
		<u who="#SPK1">
			<anchor synch="#T4" />
			<seg function="utterance" type="declarative">
				<incident>
					<desc>interruption</desc>
				</incident>
				<w>Tout</w>
				<w>à</w>
				<w>fait</w>
			</seg>
			<anchor synch="#T5" />
		</u>
	</div>
	<div>
		<u who="#SPK0">
			<anchor synch="#T5" />
			<seg function="utterance" type="not_classified">
				<incident>
					<desc>time:10</desc>
				</incident>
			</seg>
			<anchor synch="#T6" />
		</u>
	</div>
	<div>
		<u who="#SPK1">
			<anchor synch="#T6" />
			<seg function="utterance" type="not_classified">
				<w>Bon</w>
				<c>,</c>
				<w>désormais</w>
				<pause />
				<w>c'est</w>
				<w>à</w>
				<incident>
					<desc>sic:moi</desc>
				</incident>
				<w>de</w>
				<w>vous</w>
				<w>dire</w>
				<w>ce</w>
				<w>que</w>
				<w>j'en</w>
				<w>pense</w>
			</seg>
			<anchor synch="#T7" />
		</u>
	</div>
	<div>
		<u who="#SPK0">
			<anchor synch="#T7" />
			<seg function="utterance" type="not_classified">
				<w>Oui</w>
				<w>mais</w>
				<incident>
					<desc>break:changement de cassette</desc>
				</incident>
			</seg>
			<anchor synch="#T8" />
		</u>
	</div>
	<div>
		<u who="#SPK1">
			<anchor synch="#T8" />
			<seg function="utterance" type="declarative">
				<incident>
					<desc>interruption</desc>
				</incident>
				<w>Enfin</w>
				<w>bon</w>
				<c>,</c>
				<w>c'est</w>
				<w>encore</w>
				<w>une</w>
				<incident>
					<desc>uncertain:chose|pose|mose</desc>
				</incident>
				<w>qu'il</w>
				<w>faut</w>
				<w>régler</w>
				<w>entre</w>
				<w>nous</w>
			</seg>
			<seg function="utterance" type="not_classified">
				<w>Surtout</w>
				<w>s'il</w>
				<w>y</w>
				<w>a</w>
				<w>plusieurs</w>
				<incident>
					<desc>laugh</desc>
				</incident>
				<w>personnes</w>
				<w>dans</w>
				<w>le</w>
				<w>même</w>
				<w>bateau</w>
				<incident>
					<desc>comment:bateau au sens d'avion ici</desc>
				</incident>
			</seg>
			<anchor synch="#T9" />
		</u>
	</div>
	<div>
		<u who="#SPK0">
			<anchor synch="#T9" />
			<seg function="utterance" type="declarative">
				<incident>
					<desc>question: Deuxième partie, questions spécifiques</desc>
				</incident>
				<w>Enfin</w>
				<w>bon</w>
				<c>,</c>
				<w>c'est</w>
				<incident>
					<desc>inaudible</desc>
				</incident>
				<w>toi</w>
				<w>qui</w>
				<w>le</w>
				<w>dit</w>
				<c>,</c>
				<w>je</w>
				<w>ne</w>
				<w>suis</w>
				<w>pas</w>
				<w>vraiment</w>
				<pause />
				<w>sûr</w>
				<w>de</w>
				<w>tout</w>
				<w>ce</w>
				<w>que</w>
				<w>tu</w>
				<w>avances</w>
			</seg>
			<seg function="utterance" type="interrogative">
				<w>non</w>
			</seg>
			<anchor synch="#T10" />
		</u>
	</div>
	<div>
		<u who="#SPK1">
			<anchor synch="#T10" />
			<seg function="utterance" type="declarative">
				<w>voilà</w>
				<c>,</c>
				<w>c'est</w>
				<w>la</w>
				<w>fin</w>
			</seg>
			<anchor synch="#T11" />
		</u>
	</div>
	<div>
		<u who="#SPK0">
			<anchor synch="#T11" />
			<seg function="utterance" type="not_classified">
				<w>oui</w>
				<c>,</c>
				<w>c'est</w>
				<w>vrai</w>
				<incident>
					<desc>break:fin de la cassette</desc>
				</incident>
			</seg>
			<anchor synch="#T12" />
		</u>
	</div>
	<div>
		<u who="#SPK2">
			<anchor synch="#T12" />
			<seg function="utterance" type="not_classified">
				<incident>
					<desc>strong:super</desc>
				</incident>
			</seg>
			<anchor synch="#T13" />
		</u>
	</div>
	<div>
		<u who="#SPK0">
			<anchor synch="#T13" />
			<seg function="utterance" type="interrogative">
				<incident>
					<desc>question: Première partie, questions générales</desc>
				</incident>
				<incident>
					<desc>comment:toutes les notes sur l'entretien sont dans le rapport</desc>
				</incident>
				<w>Comment</w>
				<pause />
				<w>voyez</w>
				<w>vous</w>
				<w>le</w>
				<incident>
					<desc>strong:futur</desc>
				</incident>
			</seg>
			<seg function="utterance" type="not_classified">
				<w>ce</w>
				<w>que</w>
				<w>je</w>
				<w>vois</w>
				<incident>
					<desc>body:la main sur la fenêtre</desc>
				</incident>
				<w>moi</w>
				<w>par</w>
				<w>le</w>
				<w>trou</w>
			</seg>
			<anchor synch="#T14" />
		</u>
	</div>
	<div>
		<u who="#SPK1">
			<anchor synch="#T14" />
			<seg function="utterance" type="declarative">
				<w>Je</w>
				<w>ne</w>
				<w>crois</w>
				<w>pas</w>
				<incident>
					<desc>uncertain:être</desc>
				</incident>
				<w>bien</w>
				<w>placé</w>
				<w>pour</w>
				<w>cela</w>
			</seg>
			<seg function="utterance" type="declarative">
				<w>C'est</w>
				<c>-</c>
				<w>à</w>
				<c>-</c>
				<w>dire</w>
				<w>que</w>
				<pause />
				<w>je</w>
				<w>ne</w>
				<w>pense</w>
				<w>pas</w>
				<incident>
					<desc>hesitation</desc>
				</incident>
				<w>savoir</w>
				<w>de</w>
				<w>quoi</w>
				<w>vous</w>
				<w>me</w>
				<w>parlez</w>
			</seg>
			<anchor synch="#T15" />
		</u>
	</div>
	<div>
		<u who="#SPK2">
			<anchor synch="#T15" />
			<seg function="utterance" type="declarative">
				<w>Ce</w>
				<w>qu'il</w>
				<w>veut</w>
				<w>dire</w>
				<incident>
					<desc>laugh</desc>
				</incident>
				<c>,</c>
				<w>c'est</w>
				<w>qu'il</w>
				<incident>
					<desc>comment:elle regarde le plafond</desc>
				</incident>
				<w>ne</w>
				<w>sait</w>
				<w>pas</w>
			</seg>
			<anchor synch="#T16" />
		</u>
	</div>
	<div>
		<u who="#SPK0">
			<anchor synch="#T16" />
			<seg function="utterance" type="declarative">
				<w>D'accord</w>
			</seg>
			<seg function="utterance" type="interrogative">
				<incident>
					<desc>directed:vers la fenêtre</desc>
				</incident>
				<w>Vous</w>
				<w>en</w>
				<w>êtes</w>
				<w>sûr</w>
			</seg>
			<anchor synch="#T17" />
		</u>
	</div>
	<div>
		<u who="#SPK1">
			<anchor synch="#T17" />
			<seg function="utterance" type="declarative">
				<incident>
					<desc>interruption</desc>
				</incident>
				<w>Tout</w>
				<w>à</w>
				<w>fait</w>
			</seg>
			<anchor synch="#T18" />
		</u>
	</div>
	<div>
		<u who="#SPK0">
			<anchor synch="#T18" />
			<seg function="utterance" type="not_classified">
				<incident>
					<desc>time:10</desc>
				</incident>
			</seg>
			<anchor synch="#T19" />
		</u>
	</div>
	<div>
		<u who="#SPK1">
			<anchor synch="#T19" />
			<seg function="utterance" type="not_classified">
				<w>Bon</w>
				<c>,</c>
				<w>désormais</w>
				<pause />
				<w>c'est</w>
				<w>à</w>
				<incident>
					<desc>sic:moi</desc>
				</incident>
				<w>de</w>
				<w>vous</w>
				<w>dire</w>
				<w>ce</w>
				<w>que</w>
				<w>j'en</w>
				<w>pense</w>
			</seg>
			<anchor synch="#T20" />
		</u>
	</div>
	<div>
		<u who="#SPK0">
			<anchor synch="#T20" />
			<seg function="utterance" type="not_classified">
				<w>Oui</w>
				<w>mais</w>
				<incident>
					<desc>break:changement de cassette</desc>
				</incident>
			</seg>
			<anchor synch="#T21" />
		</u>
	</div>
	<div>
		<u who="#SPK1">
			<anchor synch="#T21" />
			<seg function="utterance" type="declarative">
				<incident>
					<desc>interruption</desc>
				</incident>
				<w>Enfin</w>
				<w>bon</w>
				<c>,</c>
				<w>c'est</w>
				<w>encore</w>
				<w>une</w>
				<incident>
					<desc>uncertain:chose|pose|mose</desc>
				</incident>
				<w>qu'il</w>
				<w>faut</w>
				<w>régler</w>
				<w>entre</w>
				<w>nous</w>
			</seg>
			<seg function="utterance" type="not_classified">
				<w>Surtout</w>
				<w>s'il</w>
				<w>y</w>
				<w>a</w>
				<w>plusieurs</w>
				<incident>
					<desc>laugh</desc>
				</incident>
				<w>personnes</w>
				<w>dans</w>
				<w>le</w>
				<w>même</w>
				<w>bateau</w>
				<incident>
					<desc>comment:bateau au sens d'avion ici</desc>
				</incident>
			</seg>
			<anchor synch="#T22" />
		</u>
	</div>
	<div>
		<u who="#SPK0">
			<anchor synch="#T22" />
			<seg function="utterance" type="declarative">
				<incident>
					<desc>question: Deuxième partie, questions spécifiques</desc>
				</incident>
				<w>Enfin</w>
				<w>bon</w>
				<c>,</c>
				<w>c'est</w>
				<incident>
					<desc>inaudible</desc>
				</incident>
				<w>toi</w>
				<w>qui</w>
				<w>le</w>
				<w>dit</w>
				<c>,</c>
				<w>je</w>
				<w>ne</w>
				<w>suis</w>
				<w>pas</w>
				<w>vraiment</w>
				<pause />
				<w>sûr</w>
				<w>de</w>
				<w>tout</w>
				<w>ce</w>
				<w>que</w>
				<w>tu</w>
				<w>avances</w>
			</seg>
			<seg function="utterance" type="interrogative">
				<w>non</w>
			</seg>
			<anchor synch="#T23" />
		</u>
	</div>
	<div>
		<u who="#SPK1">
			<anchor synch="#T23" />
			<seg function="utterance" type="declarative">
				<w>voilà</w>
				<c>,</c>
				<w>c'est</w>
				<w>la</w>
				<w>fin</w>
			</seg>
			<anchor synch="#T24" />
		</u>
	</div>
	<div>
		<u who="#SPK0">
			<anchor synch="#T24" />
			<seg function="utterance" type="not_classified">
				<w>oui</w>
				<c>,</c>
				<w>c'est</w>
				<w>vrai</w>
				<incident>
					<desc>break:fin de la cassette</desc>
				</incident>
			</seg>
			<anchor synch="#T25" />
		</u>
	</div>
	<div>
		<u who="#SPK2">
			<anchor synch="#T25" />
			<seg function="utterance" type="not_classified">
				<incident>
					<desc>strong:super</desc>
				</incident>
			</seg>
			<anchor synch="#T26" />
		</u>
	</div>
	<div>
		<u who="#SPK0">
			<anchor synch="#T26" />
			<seg function="utterance" type="interrogative">
				<incident>
					<desc>question: Première partie, questions générales</desc>
				</incident>
				<incident>
					<desc>comment:toutes les notes sur l'entretien sont dans le rapport</desc>
				</incident>
				<w>Comment</w>
				<pause />
				<w>voyez</w>
				<w>vous</w>
				<w>le</w>
				<incident>
					<desc>strong:futur</desc>
				</incident>
			</seg>
			<seg function="utterance" type="not_classified">
				<w>ce</w>
				<w>que</w>
				<w>je</w>
				<w>vois</w>
				<incident>
					<desc>body:la main sur la fenêtre</desc>
				</incident>
				<w>moi</w>
				<w>par</w>
				<w>le</w>
				<w>trou</w>
			</seg>
			<anchor synch="#T27" />
		</u>
	</div>
	<div>
		<u who="#SPK1">
			<anchor synch="#T27" />
			<seg function="utterance" type="declarative">
				<w>Je</w>
				<w>ne</w>
				<w>crois</w>
				<w>pas</w>
				<incident>
					<desc>uncertain:être</desc>
				</incident>
				<w>bien</w>
				<w>placé</w>
				<w>pour</w>
				<w>cela</w>
			</seg>
			<seg function="utterance" type="declarative">
				<w>C'est</w>
				<c>-</c>
				<w>à</w>
				<c>-</c>
				<w>dire</w>
				<w>que</w>
				<pause />
				<w>je</w>
				<w>ne</w>
				<w>pense</w>
				<w>pas</w>
				<incident>
					<desc>hesitation</desc>
				</incident>
				<w>savoir</w>
				<w>de</w>
				<w>quoi</w>
				<w>vous</w>
				<w>me</w>
				<w>parlez</w>
			</seg>
			<anchor synch="#T28" />
		</u>
	</div>
	<div>
		<u who="#SPK2">
			<anchor synch="#T28" />
			<seg function="utterance" type="declarative">
				<w>Ce</w>
				<w>qu'il</w>
				<w>veut</w>
				<w>dire</w>
				<incident>
					<desc>laugh</desc>
				</incident>
				<c>,</c>
				<w>c'est</w>
				<w>qu'il</w>
				<incident>
					<desc>comment:elle regarde le plafond</desc>
				</incident>
				<w>ne</w>
				<w>sait</w>
				<w>pas</w>
			</seg>
			<anchor synch="#T29" />
		</u>
	</div>
	<div>
		<u who="#SPK0">
			<anchor synch="#T29" />
			<seg function="utterance" type="declarative">
				<w>D'accord</w>
			</seg>
			<seg function="utterance" type="interrogative">
				<incident>
					<desc>directed:vers la fenêtre</desc>
				</incident>
				<w>Vous</w>
				<w>en</w>
				<w>êtes</w>
				<w>sûr</w>
			</seg>
			<anchor synch="#T30" />
		</u>
	</div>
	<div>
		<u who="#SPK1">
			<anchor synch="#T30" />
			<seg function="utterance" type="declarative">
				<incident>
					<desc>interruption</desc>
				</incident>
				<w>Tout</w>
				<w>à</w>
				<w>fait</w>
			</seg>
			<anchor synch="#T31" />
		</u>
	</div>
	<div>
		<u who="#SPK0">
			<anchor synch="#T31" />
			<seg function="utterance" type="not_classified">
				<incident>
					<desc>time:10</desc>
				</incident>
			</seg>
			<anchor synch="#T32" />
		</u>
	</div>
	<div>
		<u who="#SPK1">
			<anchor synch="#T32" />
			<seg function="utterance" type="not_classified">
				<w>Bon</w>
				<c>,</c>
				<w>désormais</w>
				<pause />
				<w>c'est</w>
				<w>à</w>
				<incident>
					<desc>sic:moi</desc>
				</incident>
				<w>de</w>
				<w>vous</w>
				<w>dire</w>
				<w>ce</w>
				<w>que</w>
				<w>j'en</w>
				<w>pense</w>
			</seg>
			<anchor synch="#T33" />
		</u>
	</div>
	<div>
		<u who="#SPK0">
			<anchor synch="#T33" />
			<seg function="utterance" type="not_classified">
				<w>Oui</w>
				<w>mais</w>
				<incident>
					<desc>break:changement de cassette</desc>
				</incident>
			</seg>
			<anchor synch="#T34" />
		</u>
	</div>
	<div>
		<u who="#SPK1">
			<anchor synch="#T34" />
			<seg function="utterance" type="declarative">
				<incident>
					<desc>interruption</desc>
				</incident>
				<w>Enfin</w>
				<w>bon</w>
				<c>,</c>
				<w>c'est</w>
				<w>encore</w>
				<w>une</w>
				<incident>
					<desc>uncertain:chose|pose|mose</desc>
				</incident>
				<w>qu'il</w>
				<w>faut</w>
				<w>régler</w>
				<w>entre</w>
				<w>nous</w>
			</seg>
			<seg function="utterance" type="not_classified">
				<w>Surtout</w>
				<w>s'il</w>
				<w>y</w>
				<w>a</w>
				<w>plusieurs</w>
				<incident>
					<desc>laugh</desc>
				</incident>
				<w>personnes</w>
				<w>dans</w>
				<w>le</w>
				<w>même</w>
				<w>bateau</w>
				<incident>
					<desc>comment:bateau au sens d'avion ici</desc>
				</incident>
			</seg>
			<anchor synch="#T35" />
		</u>
	</div>
	<div>
		<u who="#SPK0">
			<anchor synch="#T35" />
			<seg function="utterance" type="declarative">
				<incident>
					<desc>question: Deuxième partie, questions spécifiques</desc>
				</incident>
				<w>Enfin</w>
				<w>bon</w>
				<c>,</c>
				<w>c'est</w>
				<incident>
					<desc>inaudible</desc>
				</incident>
				<w>toi</w>
				<w>qui</w>
				<w>le</w>
				<w>dit</w>
				<c>,</c>
				<w>je</w>
				<w>ne</w>
				<w>suis</w>
				<w>pas</w>
				<w>vraiment</w>
				<pause />
				<w>sûr</w>
				<w>de</w>
				<w>tout</w>
				<w>ce</w>
				<w>que</w>
				<w>tu</w>
				<w>avances</w>
			</seg>
			<seg function="utterance" type="interrogative">
				<w>non</w>
			</seg>
			<anchor synch="#T36" />
		</u>
	</div>
	<div>
		<u who="#SPK1">
			<anchor synch="#T36" />
			<seg function="utterance" type="declarative">
				<w>voilà</w>
				<c>,</c>
				<w>c'est</w>
				<w>la</w>
				<w>fin</w>
			</seg>
			<anchor synch="#T37" />
		</u>
	</div>
	<div>
		<u who="#SPK0">
			<anchor synch="#T37" />
			<seg function="utterance" type="not_classified">
				<w>oui</w>
				<c>,</c>
				<w>c'est</w>
				<w>vrai</w>
				<incident>
					<desc>break:fin de la cassette</desc>
				</incident>
			</seg>
			<anchor synch="#T38" />
		</u>
	</div>
	<div>
		<u who="#SPK2">
			<anchor synch="#T38" />
			<seg function="utterance" type="not_classified">
				<incident>
					<desc>strong:super</desc>
				</incident>
			</seg>
			<anchor synch="#T39" />
		</u>
	</div>
</body>
   </text>
</TEI>
