"*id"	"*file"	"*mimetype"	"*name"	"*researchPhase"	"*documentType"	"*location"	"*date"	"*description"	"*source"	"*source_info"	"support"
"*descr"	"file location"	"indicates what the website shall do with the file [tei, pdf, htm, csv, link, ref]"	"document label in the list"	"[prep, col, anal, ese, compl]"	"[admi, audio, docu, icono, inter, methodo, note, publi, revis, transcr]"	"City, Country"	"DD/MM/YY"	"…"	"fichier original s'il y a eu conversion lors de l'archivage"	"opération(s) appliquées lor de la conversion"	"form"
"cdsp_bequali_h1_ese"	"_ese/cdsp_bequali_h1_ese.xml"	"ese"	"Enquête sur Enquête (enquete de Sophie)"	"NP"	"NP"		"01/02/12"	"(ne sera pas affiché) contient les références vers les documents de l'ese"			"digital"
"cdsp_bequali_h1_anal_docu1"	"anal/docu/cdsp_bequali_h1_anal_docu1.htm"	"htm"	"Rapport intermédiaire"	"col"	"publi"	"Paris, France"	"03/02/12"	"Rapport mi-enquête"			"digital"
"cdsp_bequali_h1_anal_publi1"	"anal/publi/cdsp_bequali_h1_anal_publi1.pdf"	"pdf"	"Rapport d'enquête"	"anal"	"publi"	"Paris, France"	"12/02/12"	"Ce rapport est intéressant"			"digital"
"cdsp_bequali_h1_col_transcr1"	"col/transcr/cdsp_bequali_h1_col_transcr1.xml"	"tei"	"Entretien d'Etienne 29"	"col"	"transcr"	"Londres, UK"		"juste copié pour tester"			"digital"
"cdsp_bequali_h1_col_transcr2"	"col/transcr/cdsp_bequali_h1_col_transcr2.xml"	"tei"	"Focus Group Test Paris 1"	"col"	"transcr"	"Paris, France"	"10/08/92"	"juste copié de l'enquête de Sophie"			"digital"
"cdsp_bequali_h1_prep_methodo1"	"prep/methodo/cdsp_bequali_h1_prep_methodo1.csv"	"csv"	"exemple de tableau de données"	"prep"	"inter"	"Londres, UK"		"Un super tableau"			"digital"
"cdsp_bequali_h1_prep_transcr1"	"prep/transcr/cdsp_bequali_h1_prep_transcr1.xml"	"tei"	"Entretien 12 Test"	"col"	"transcr"	"Paris, France"	"21/02/12"	"initiallement en .txt, a été transformé en .exb (exmaralda) puis en tei .xml"	"_verbatim/entretien12.txt"	"Exmaralda puis TEI Drop"	"digital"
"cdsp_bequali_h1_prep_docu1"	"http://www.assemblee-nationale.fr/sycomore/"	"link"	"Site intéressant"	"compl"	"note"		"10/08/92"	"pas vraiment de description pour ce site intéressant"			"web"
"cdsp_bequali_h1_prep_publi1"	"http://monline.fr/rapport.pdf"	"link"	"L’égalité aujourd’hui"	"compl"	"publi"	"Paris, France"	"05/03/85"	"Intervention, n° 11, mars 1985, p. 58-66"			"web"
"cdsp_bequali_h1_prep_publi2"	"http://autrelien.com"	"link"	"Les avatars de la dimension gauche-droite"	"compl"	"publi"	"Paris, France"	"02/03/86"	"lien du rapport sur aurelien.com"			"web"
"cdsp_bequali_h1_prep_publi3"	"NP"	"ref"	"Thèse de Marie"	"compl"	"publi"	"Paris, France"		"Page 32 et 33 de la Thèse de Marie : « rapports entre difficiles echos sub-orientaux »"			"none"
"also_other_non_yet_ddi_object"	"NP"	"NP"	"Cassette audio"					"cassette récupérée dans un carton mais non numérisée"			"audiotape"
