<?xml version="1.0" encoding="utf-8" ?>
<XML-REANALYSE-ESE version="2011-06-23">
  <StudyUnit>
    <Chapters>
      <Chapter name="Researcher">
      	<text>
			<![CDATA[
<p> This study was coordinated by Sophie Duchesne and brought together researchers from Sciences Po (Florence Haegel and Guillaume Garcia), from the University of Louvain (André-Paul Frognier and Virginie Van Ingelgom) and from the University of Oxford (Elizabeth Frazer).</p> 
<p>It aims to understand how conversations become political, by comparing the ways in which French, British and francophone Belgian respondents discuss Europe.</p>
<p> Mobilising collective interviews (focus groups), the study is situated in a conversational paradigm, in order to study ordinary attitudes towards politics.</p>
<p>The implementation of collective interviews  has an experimental dimension that is fully accepted by the authors.</p>
<p>This project contributes to the renewal of the approach to attitudes towards European integration, and is part of the qualitative turn in European studies.</p>
<p>The project is the prolongation of a study by Sophie Duchesne and Florence Haegel on individual politicisation around the theme of delinquency, which served as the basis for the publication of a manual on collective interviewing techniques.</p>
<p>This project also comes in the wake of a period of research Sophie Duchesne undertook in England, and is based on institutional agreements between Sciences Po and the University of Oxford, and personal contacts built with Elizabeth Frazer. It is also based on older relationships built with André-Paul Frognier at the University of Louvain, around research on European identity.</p>
<p>Virginie Van Ingelgom and Guillaume Garcia were initially integrated into the project as research assistants, the former with the objective of using the data as part of her doctoral thesis, and the latter in order to complete a post-doctoral project.</p>
			]]>      	
      	</text>
        <SubChapter name="research trajectory" location="./audio/1.1_trajectoirederecherche.mp3"/>
        <SubChapter name="team composition" location="./audio/1.2_laconstitutiondelequipe.mp3"/>
        <SubChapter name="scientific position" location="./audio/1.3_posturepersonnelle.mp3"/>
        <SubChapter name="methodological positioning of the career" location="./audio/1.4_lorientationmethodologiqueduparcoursdechercheur.mp3"/>
      </Chapter>
      <Chapter name="Theory">
      	<text>
			<![CDATA[
<p> Originally, the aim was to build a general model of individual politicisation; implication in the field of European studies came later, particularly for funding purposes.</p>
<p>The comparison should enable generalisation, given the different positions in Europe of the three countries studied, but also their culturally situated ways of speaking about politics.</p>
<p>To break up the corpus, the research team worked with the hypothesis of unequal relations to Europe according to the social position and the level of political implication of respondents, as established by quantitative studies.</p>
<p>Four categories of groups can be distinguished: the three first according to a simplified model of social stratification: working-class/working poor (lower), employees (middle), and managers (upper). The fourth category was made up of militants or political activists.</p>
<p> Each of these discussion groups had to be socially homogenous in order to avoid the effects of social domination in terms of access to public speaking. But they also had to be heterogeneous on a political level in order to create a potential for disagreement between the participants.</p>
<p> Each category was doubled, in order to control for effects related to the specificity of the group dynamics.</p>
<p>The research team was driven by two main objectives: to refine and complete the model of politicisation, up until then considered to be a certain combination between specialisation and conflictualisation (or implication); and to test the strength of the dominant hypotheses in the literature regarding euro-scepticism.</p>
			]]>      	
      	</text>
        <SubChapter name="a double theoretical framework" location="./audio/2.1_undoubleancragetheorique.mp3"/>
        <SubChapter name="evolution of the research question" location="./audio/2.2_levolutiondelaproblematiquedelenquete.mp3"/>
      </Chapter>
      <Chapter name="Fieldwork">
      	<text>
			<![CDATA[
<p>Chronologically, the fieldwork was conducted in Paris (December 2005-February 2006), in Brussels (March 2006) and in Oxford (April and then June 2006).</p>
<p>Respondents were contacted by various means: ads on internet sites or free newspapers, signs and leaflets in public places, direct solicitation in political parties, and a marginal appeal to the social networks of the researchers.</p>
<p>Respondents were selected via the administration of a telephone questionnaire; then once selected they completed a second, more detailed, questionnaire.</p>
<p>Respondents who were interviewed were reimbursed (50€/40£), in vouchers or cash.</p>
<p>The groups met in different rooms at Sciences Po, in a off-campus room at the University of Brussels, and in a room at the University of Oxford.</p>
<p>Each group had 4 to 8 interviewees.</p>
<p>Each interview was filmed and lasted 3 hours; the interviewees were seated in a semi-circle around a board where the moderator stood.</p>
<p>The exchanges were summarised by the moderator as the interview went along, recorded on small cards and pinned to the board. The interviewees were thus able to read their cards and come back to things they had said.</p>
<p>The interview guide included 5 separate phases of interview separated by a short pause. Within each phase, the interview was not very directive.</p>
<p>The French and Belgian groups were co-moderated, either in whole or part, by Sophie Duchesne and Florence Haegel; the British groups were moderated by Elizabeth Frazer. In addition to the moderator, two other members of the team played the roles of assessor and cameraman respectively.</p>
			]]>      	
      	</text>
        <SubChapter name="design" location="./audio/3.1_lemontagedelenquete.mp3"/>
        <SubChapter name="coordinating three fieldworks" location="./audio/3.2_lacoordinationdestroisterrains.mp3"/>
        <SubChapter name="recruitment" location="./audio/3.3_lerecrutement.mp3"/>
        <SubChapter name="interviewing technique" location="./audio/3.4_specificitesdelatechniquedentretiencollectif.mp3"/>
        <SubChapter name="fieldwork memories" location="./audio/3.5_souvenirsduderoulementduterrain.mp3"/>
        <SubChapter name="atmosphere and impressions from the fieldwork" location="./audio/3.6_atmosphereetimpressionsrelativesauterrain.mp3"/>
      </Chapter>
      <Chapter name="Corpus">
      	<text>
			<![CDATA[
<p>In total a little more than 30 collective interviews were organised, including preparatory interviews and those which were later discarded for various reasons; 24 were transcribed and archived (3 countries, 4 categories by country, 2 groups by category), for a total of 133 interviewees.</p>
<p>The transcription was conducted by the same person in Paris and Louvain, and by several people in Oxford, based on a simplification of the conventions of conversational analysis.</p>
<p>All data underwent basic anonymization: any information of a personal nature that would allow for the direct identification of interviewees was removed.</p>
<p>Video recordings were also conserved and used.</p>
<p>The 24 groups were divided into two "families", the first bringing together groups that were directly comparable for each category (n=12) from one country to another, and the second combining the more heterogeneous groups (n= 12), more dependent on the dynamics of the discussion.</p>
<p>The remaining documents consist of a debriefing for each group, and for at least the first "family", summaries of the discussions and an analysis of the dynamic of the discussion. For each respondent and interviewees the responses to the questionnaire(s) were also archived.</p>
<p>The boards upon which the cards were pinned were conserved, but these generally came unstuck and this material is thus largely unusable.</p>
			]]>      	
      	</text>
        <SubChapter name="video and audio recordings" location="./audio/4.1_lesenregistrementsaudioetvideo.mp3"/>
        <SubChapter name="transcriptions" location="./audio/4.2_latranscription.mp3"/>
        <SubChapter name="the data" location="./audio/4.3_lesdonnees.mp3"/>
      </Chapter>
      <Chapter name="Analysis">
      	<text>
			<![CDATA[
<p>At this point, the analysis has been essentially based on the 12 groups of the first "family".</p>
<p>Simple interpretative operations were used, as well as a lexicometric analysis and a code based analysis using CAQDAS software.</p>
<p>Research relating to ordinary and specialised attitudes towards politics, research on deliberation, on European identity, and on attitudes towards the EU (particularly the focus group based research of Juan Diez-Medrano), were all used.</p>
<p>The idea that the interviewees were confronted with a "test of politicisation", within an established and semi-public framework, was put at the heart of the analysis.</p>
<p>The analysis was based on the ways the interviewees dealt with the risk of conflict in relation to their positioning on a certain number of cleavages.</p>
<p>The model of politicisation was amended: a third dimension was identified, "deliberation" (or "cooperation"); "competition" replaced "specialisation"; and the articulation and combination of the three levels was explored further.</p>
<p>Beyond the question of European identity, the study also shed light on a form of indifference to Europe, rather than a euro-scepticism.</p>
<p>The analysis also enabled the authors to confirm the existence of nationally situated attitudes towards Europe, according to a typology distinguishing three kinds of mechanism: projection (French); exteriority and lack of productivity (British); incorporation and conformity (francophone Belgians).</p>
			]]>      	
      	</text>
        <SubChapter name="global strategy of analysis" location="./audio/5.1_lastrategieglobaleedanalyse.mp3"/>
        <SubChapter name="centrality of the test of politicisation" location="./audio/5.2_lacentralitedudispositifdepreuvedepolitisation.mp3"/>
        <SubChapter name="the importance of international comparison" location="./audio/5.3_limportancedelacomparaisoninternationale.mp3"/>
      </Chapter>
      <Chapter name="Results">
      	<text>
			<![CDATA[
<p>The exploitation of this study led to several collective and individual publications by the members of the research team, either on methodological questions or substantial results.</p>
<p>A collectively authored book in English is being prepared for publication.</p>
<p>Fundamentally, the study enabled the authors to engage in the academic debates regarding attitudes towards European integration, but also those on ordinary attitudes towards politics.</p>
<p>Methodologically, the study was part of the debates on the comparison of quantitative (such as the Eurobarometers) and qualitative data, but also in the debates as to the "right methods" to approach ordinary attitudes towards politics.</p>
<p>The exploitation of this study is not yet complete and other results will be produced in the future by members of the research team, either individually or collectively.</p>
<p>A number of aspects of the study are still to be explored, notably in terms of national comparisons, national identities, mechanisms of politicisation or the specificity of militant groups – all of which for the moment have been little studied in and of themselves.</p>
<p>A project for the exploitation of the data using QCA-type analysis is currently being studied.</p>
			]]>      	
      	</text>
        <SubChapter name="publications" location="./audio/6.1_lespublications.mp3"/>
        <SubChapter name="further analysis" location="./audio/6.2_lesanalysesrestantafaire.mp3"/>
        <SubChapter name="suggestions for reuse" location="./audio/6.3_suggestionsdereutilisation.mp3"/>
        <SubChapter name="agreement with the interviewees" location="./audio/6.4_lesengagementsprisenverslesenquetes.mp3"/>
        <SubChapter name="expected reuses" location="./audio/6.5_souhaitsquantauxreutilisation.mp3"/>
      </Chapter>
    </Chapters>
	<Summary report="./report.pdf">
		<![CDATA[
			<h1>Mon titre</h1>
			<p>Pas de summary pour l'instant</p>
		]]>
	</Summary>
  </StudyUnit>
</XML-REANALYSE-ESE>
