<?xml version="1.0" encoding="utf-8" ?>
<XML-REANALYSE-ESE version="2012-03-08">
	<Report>
		<file lang="fr" location="./report.pdf"/>
		<file lang="en" location="./report_en.pdf"/>
	</Report>
	<Chapters>
		<Chapter>
			<title lang="fr">Recherche</title>
			<title lang="en">Research</title>
			<text lang="fr">
				<![CDATA[
					<p>Content of fr text</p><p>autre paragraph</p> 
				]]>				
			</text>
			<text lang="en">
				<![CDATA[
					<p>Content of en text</p><p>other paragraph</p> 
				]]>				
			</text>
			<SubChapter>
 				 <audio lang="fr" name="trajectoire de recherche" location="./audio/1.1_trajectoirederecherche.mp3"/>
 				 <audio lang="en" name="Research trajectory" location="./audio/1.1_trajectoirederecherche.mp3"/>
 			</SubChapter>
 			<SubChapter>
 				<audio lang="fr" name="Trajectoire" location="./audio/1.1_trajectoirederecherche.mp3"/>
 				<audio lang="en" name="research trajectory" location="./audio/1.1_trajectoirederecherche.mp3"/>
			</SubChapter>
		</Chapter>
	</Chapters>
</XML-REANALYSE-ESE>
